year,country,count,iso_a3
1980,巴西,285,BRA
1980,日本,173581,JPN
1980,比利時,138,BEL
1980,加拿大,1548,CAN
1980,印尼,4507,IDN
1980,印度,87,IND
1980,西班牙,246,ESP
1980,奈及利亞,177,NGA
1980,法國,586,FRA
1980,阿根廷,339,ARG
1980,南非,946,ZAF
1980,美國,69448,USA
1980,英國,898,GBR
1980,香港,63812,HKG
1980,泰國,14956,THA
1980,紐西蘭,75,NZL
1980,馬來西亞,4418,MYS
1980,荷蘭,206,NLD
1980,菲律賓,35718,PHL
1980,新加坡,19563,SGP
1980,瑞士,207,CHE
1980,義大利,461,ITA
1980,德國,1239,DEU
1980,澳大利亞,999,AUS
1980,韓國,76995,KOR
1981,巴西,251,BRA
1981,日本,218486,JPN
1981,比利時,183,BEL
1981,加拿大,1741,CAN
1981,印尼,5694,IDN
1981,印度,128,IND
1981,西班牙,367,ESP
1981,奈及利亞,239,NGA
1981,法國,877,FRA
1981,阿根廷,719,ARG
1981,南非,2186,ZAF
1981,美國,76399,USA
1981,英國,1499,GBR
1981,香港,72418,HKG
1981,泰國,15919,THA
1981,紐西蘭,123,NZL
1981,馬來西亞,5035,MYS
1981,荷蘭,264,NLD
1981,菲律賓,35170,PHL
1981,新加坡,20251,SGP
1981,瑞士,321,CHE
1981,義大利,683,ITA
1981,德國,1345,DEU
1981,澳大利亞,1368,AUS
1981,韓國,98241,KOR
1982,巴西,394,BRA
1982,日本,260414,JPN
1982,比利時,193,BEL
1982,加拿大,2046,CAN
1982,印尼,6985,IDN
1982,印度,125,IND
1982,西班牙,294,ESP
1982,奈及利亞,267,NGA
1982,法國,1427,FRA
1982,阿根廷,653,ARG
1982,南非,2441,ZAF
1982,美國,98995,USA
1982,英國,1261,GBR
1982,香港,81558,HKG
1982,泰國,21726,THA
1982,紐西蘭,182,NZL
1982,馬來西亞,8996,MYS
1982,荷蘭,297,NLD
1982,菲律賓,42274,PHL
1982,新加坡,24124,SGP
1982,瑞士,325,CHE
1982,義大利,974,ITA
1982,德國,1275,DEU
1982,澳大利亞,1041,AUS
1982,韓國,67002,KOR
1983,巴西,462,BRA
1983,日本,256102,JPN
1983,比利時,258,BEL
1983,加拿大,2159,CAN
1983,印尼,7693,IDN
1983,印度,91,IND
1983,西班牙,300,ESP
1983,奈及利亞,153,NGA
1983,法國,1034,FRA
1983,阿根廷,902,ARG
1983,南非,2458,ZAF
1983,美國,110148,USA
1983,英國,1843,GBR
1983,香港,98754,HKG
1983,泰國,23631,THA
1983,紐西蘭,114,NZL
1983,馬來西亞,10320,MYS
1983,荷蘭,1735,NLD
1983,菲律賓,37375,PHL
1983,新加坡,25656,SGP
1983,瑞士,336,CHE
1983,義大利,770,ITA
1983,德國,1230,DEU
1983,澳大利亞,888,AUS
1983,韓國,75007,KOR
1984,巴西,386,BRA
1984,日本,292127,JPN
1984,比利時,162,BEL
1984,加拿大,2301,CAN
1984,印尼,8221,IDN
1984,印度,74,IND
1984,西班牙,275,ESP
1984,奈及利亞,117,NGA
1984,法國,1357,FRA
1984,阿根廷,1473,ARG
1984,南非,2429,ZAF
1984,美國,132692,USA
1984,英國,1310,GBR
1984,香港,109075,HKG
1984,泰國,22619,THA
1984,紐西蘭,123,NZL
1984,馬來西亞,12974,MYS
1984,荷蘭,2932,NLD
1984,菲律賓,36549,PHL
1984,新加坡,29648,SGP
1984,瑞士,187,CHE
1984,義大利,573,ITA
1984,德國,1651,DEU
1984,澳大利亞,1047,AUS
1984,韓國,73088,KOR
1985,巴西,819,BRA
1985,日本,312173,JPN
1985,比利時,266,BEL
1985,加拿大,3147,CAN
1985,印尼,6780,IDN
1985,印度,95,IND
1985,西班牙,397,ESP
1985,希臘,2411,GRC
1985,奈及利亞,173,NGA
1985,法國,1333,FRA
1985,阿根廷,2031,ARG
1985,南非,1992,ZAF
1985,美國,164161,USA
1985,英國,2090,GBR
1985,香港,118405,HKG
1985,泰國,30467,THA
1985,紐西蘭,154,NZL
1985,馬來西亞,17150,MYS
1985,荷蘭,4526,NLD
1985,菲律賓,34303,PHL
1985,奧地利,3576,AUT
1985,新加坡,31212,SGP
1985,瑞士,235,CHE
1985,義大利,747,ITA
1985,德國,1901,DEU
1985,澳大利亞,1833,AUS
1985,韓國,90272,KOR
1986,巴西,763,BRA
1986,日本,253524,JPN
1986,比利時,206,BEL
1986,加拿大,3074,CAN
1986,印尼,7058,IDN
1986,印度,111,IND
1986,西班牙,398,ESP
1986,希臘,1606,GRC
1986,奈及利亞,140,NGA
1986,法國,1480,FRA
1986,阿根廷,2114,ARG
1986,南非,2480,ZAF
1986,美國,153462,USA
1986,英國,1720,GBR
1986,香港,121427,HKG
1986,泰國,63271,THA
1986,紐西蘭,148,NZL
1986,馬來西亞,30841,MYS
1986,荷蘭,4626,NLD
1986,菲律賓,32510,PHL
1986,奧地利,2940,AUT
1986,新加坡,30831,SGP
1986,瑞士,329,CHE
1986,義大利,718,ITA
1986,德國,1845,DEU
1986,澳大利亞,2619,AUS
1986,韓國,81644,KOR
1987,巴西,634,BRA
1987,日本,295007,JPN
1987,比利時,217,BEL
1987,加拿大,3674,CAN
1987,印尼,16035,IDN
1987,印度,111,IND
1987,西班牙,282,ESP
1987,希臘,3102,GRC
1987,奈及利亞,115,NGA
1987,法國,2339,FRA
1987,阿根廷,1966,ARG
1987,南非,4079,ZAF
1987,美國,164267,USA
1987,英國,2712,GBR
1987,香港,195501,HKG
1987,泰國,115472,THA
1987,紐西蘭,226,NZL
1987,馬來西亞,45411,MYS
1987,荷蘭,9230,NLD
1987,菲律賓,36866,PHL
1987,奧地利,4131,AUT
1987,新加坡,40194,SGP
1987,瑞士,410,CHE
1987,義大利,1248,ITA
1987,德國,1951,DEU
1987,澳大利亞,3218,AUS
1987,韓國,98014,KOR
1988,巴西,748,BRA
1988,日本,340488,JPN
1988,比利時,314,BEL
1988,加拿大,5132,CAN
1988,印尼,18994,IDN
1988,印度,94,IND
1988,西班牙,317,ESP
1988,希臘,1538,GRC
1988,奈及利亞,78,NGA
1988,法國,1610,FRA
1988,阿根廷,1792,ARG
1988,南非,5752,ZAF
1988,美國,183402,USA
1988,英國,1905,GBR
1988,香港,621846,HKG
1988,泰國,154853,THA
1988,紐西蘭,342,NZL
1988,馬來西亞,42251,MYS
1988,荷蘭,9277,NLD
1988,菲律賓,44309,PHL
1988,奧地利,3192,AUT
1988,新加坡,45989,SGP
1988,瑞士,316,CHE
1988,義大利,922,ITA
1988,德國,1774,DEU
1988,澳大利亞,3808,AUS
1988,韓國,100569,KOR
1989,巴西,165,BRA
1989,日本,474245,JPN
1989,比利時,20,BEL
1989,加拿大,1283,CAN
1989,印尼,23301,IDN
1989,印度,18,IND
1989,西班牙,33,ESP
1989,希臘,621,GRC
1989,奈及利亞,10,NGA
1989,法國,241,FRA
1989,阿根廷,131,ARG
1989,南非,11211,ZAF
1989,美國,157565,USA
1989,英國,469,GBR
1989,香港,810977,HKG
1989,泰國,258668,THA
1989,紐西蘭,147,NZL
1989,馬來西亞,59936,MYS
1989,荷蘭,13897,NLD
1989,菲律賓,80678,PHL
1989,奧地利,2770,AUT
1989,新加坡,70924,SGP
1989,瑞士,35,CHE
1989,義大利,75,ITA
1989,德國,226,DEU
1989,澳大利亞,909,AUS
1989,韓國,133867,KOR
1990,巴西,115,BRA
1990,日本,591495,JPN
1990,比利時,15,BEL
1990,加拿大,1886,CAN
1990,印尼,32397,IDN
1990,印度,126,IND
1990,西班牙,13,ESP
1990,希臘,10,GRC
1990,奈及利亞,2,NGA
1990,法國,195,FRA
1990,阿根廷,18,ARG
1990,南非,12685,ZAF
1990,美國,239325,USA
1990,英國,404,GBR
1990,香港,1245764,HKG
1990,泰國,355962,THA
1990,紐西蘭,47,NZL
1990,馬來西亞,57074,MYS
1990,荷蘭,14942,NLD
1990,菲律賓,65250,PHL
1990,奧地利,1908,AUT
1990,新加坡,96607,SGP
1990,瑞士,8,CHE
1990,義大利,56,ITA
1990,德國,187,DEU
1990,澳大利亞,380,AUS
1990,韓國,221454,KOR
1991,巴西,193,BRA
1991,日本,653242,JPN
1991,比利時,5,BEL
1991,加拿大,15671,CAN
1991,印尼,80386,IDN
1991,印度,178,IND
1991,西班牙,61,ESP
1991,希臘,0,GRC
1991,奈及利亞,5,NGA
1991,法國,286,FRA
1991,阿根廷,405,ARG
1991,南非,14513,ZAF
1991,美國,267584,USA
1991,英國,701,GBR
1991,香港,1368295,HKG
1991,泰國,346310,THA
1991,紐西蘭,1231,NZL
1991,馬來西亞,79820,MYS
1991,荷蘭,14823,NLD
1991,菲律賓,69527,PHL
1991,奧地利,3436,AUT
1991,新加坡,153811,SGP
1991,瑞士,13,CHE
1991,義大利,36,ITA
1991,德國,698,DEU
1991,澳大利亞,6662,AUS
1991,韓國,284902,KOR
1992,巴西,29,BRA
1992,日本,748112,JPN
1992,比利時,8,BEL
1992,加拿大,32776,CAN
1992,印尼,110560,IDN
1992,印度,1,IND
1992,西班牙,135,ESP
1992,希臘,4,GRC
1992,奈及利亞,4,NGA
1992,法國,415,FRA
1992,阿根廷,821,ARG
1992,南非,17234,ZAF
1992,美國,286966,USA
1992,英國,819,GBR
1992,香港,1747404,HKG
1992,泰國,359827,THA
1992,紐西蘭,7870,NZL
1992,馬來西亞,136248,MYS
1992,荷蘭,25104,NLD
1992,菲律賓,139099,PHL
1992,奧地利,8430,AUT
1992,新加坡,220306,SGP
1992,瑞士,124,CHE
1992,義大利,129,ITA
1992,德國,334,DEU
1992,澳大利亞,38481,AUS
1992,韓國,302184,KOR
1993,巴西,205,BRA
1993,日本,737100,JPN
1993,比利時,33,BEL
1993,加拿大,43392,CAN
1993,印尼,135729,IDN
1993,印度,105,IND
1993,西班牙,96,ESP
1993,希臘,0,GRC
1993,奈及利亞,6,NGA
1993,法國,4720,FRA
1993,阿根廷,281,ARG
1993,南非,15673,ZAF
1993,美國,371750,USA
1993,英國,10250,GBR
1993,香港,1934831,HKG
1993,泰國,462823,THA
1993,紐西蘭,12122,NZL
1993,馬來西亞,169090,MYS
1993,荷蘭,23044,NLD
1993,菲律賓,190748,PHL
1993,奧地利,6473,AUT
1993,新加坡,255542,SGP
1993,瑞士,18,CHE
1993,義大利,77,ITA
1993,德國,1439,DEU
1993,澳大利亞,74251,AUS
1993,韓國,131392,KOR
1994,巴西,163,BRA
1994,日本,676944,JPN
1994,比利時,25,BEL
1994,加拿大,62166,CAN
1994,印尼,181351,IDN
1994,印度,11,IND
1994,西班牙,71,ESP
1994,希臘,3,GRC
1994,奈及利亞,5,NGA
1994,法國,23436,FRA
1994,阿根廷,281,ARG
1994,南非,15019,ZAF
1994,美國,453924,USA
1994,英國,11348,GBR
1994,香港,1745182,HKG
1994,泰國,415005,THA
1994,紐西蘭,14380,NZL
1994,馬來西亞,170395,MYS
1994,荷蘭,18115,NLD
1994,菲律賓,173321,PHL
1994,奧地利,7023,AUT
1994,新加坡,324133,SGP
1994,瑞士,29,CHE
1994,義大利,258,ITA
1994,德國,5102,DEU
1994,澳大利亞,105205,AUS
1994,韓國,122853,KOR
1995,巴西,0,BRA
1995,日本,498565,JPN
1995,比利時,0,BEL
1995,加拿大,68805,CAN
1995,印尼,168840,IDN
1995,印度,0,IND
1995,西班牙,0,ESP
1995,希臘,0,GRC
1995,奈及利亞,0,NGA
1995,法國,20457,FRA
1995,阿根廷,0,ARG
1995,南非,14062,ZAF
1995,美國,522910,USA
1995,英國,36505,GBR
1995,香港,1909593,HKG
1995,泰國,402828,THA
1995,紐西蘭,28210,NZL
1995,馬來西亞,200611,MYS
1995,荷蘭,28804,NLD
1995,菲律賓,184129,PHL
1995,奧地利,10489,AUT
1995,新加坡,336954,SGP
1995,瑞士,6215,CHE
1995,義大利,7391,ITA
1995,德國,23707,DEU
1995,澳大利亞,110749,AUS
1995,韓國,100959,KOR
1996,巴拿馬,0,PAN
1996,日本,600146,JPN
1996,加拿大,92223,CAN
1996,印尼,212884,IDN
1996,汶萊,3742,BRN
1996,帛琉,8960,PLW
1996,法國,26506,FRA
1996,南非,15283,ZAF
1996,美國,579488,USA
1996,英國,42202,GBR
1996,香港,2135092,HKG
1996,泰國,372005,THA
1996,紐西蘭,50150,NZL
1996,馬來西亞,221639,MYS
1996,荷蘭,30982,NLD
1996,菲律賓,184294,PHL
1996,越南,158964,VNM
1996,奧地利,0,AUT
1996,新加坡,287215,SGP
1996,瑞士,10226,CHE
1996,義大利,15661,ITA
1996,德國,39658,DEU
1996,緬甸,0,MMR
1996,墨西哥,0,MEX
1996,澳大利亞,60335,AUS
1996,澳門,0,MAC
1996,韓國,93602,KOR
1997,日本,651597,JPN
1997,加拿大,116651,CAN
1997,印尼,202095,IDN
1997,沙烏地阿拉伯,873,SAU
1997,汶萊,4452,BRN
1997,帛琉,5355,PLW
1997,法國,24477,FRA
1997,南非,1387,ZAF
1997,美國,588916,USA
1997,英國,39466,GBR
1997,香港,1948356,HKG
1997,泰國,343182,THA
1997,紐西蘭,49398,NZL
1997,馬來西亞,245599,MYS
1997,荷蘭,47799,NLD
1997,菲律賓,200097,PHL
1997,越南,146627,VNM
1997,新加坡,284381,SGP
1997,瑞士,12829,CHE
1997,義大利,16564,ITA
1997,德國,46387,DEU
1997,緬甸,8867,MMR
1997,澳大利亞,34882,AUS
1997,澳門,498090,MAC
1997,韓國,88244,KOR
1998,日本,674089,JPN
1998,加拿大,127393,CAN
1998,印尼,141740,IDN
1998,汶萊,2336,BRN
1998,帛琉,9883,PLW
1998,法國,28545,FRA
1998,美國,577178,USA
1998,英國,35457,GBR
1998,香港,1746424,HKG
1998,泰國,362346,THA
1998,紐西蘭,38391,NZL
1998,馬來西亞,253181,MYS
1998,荷蘭,66909,NLD
1998,菲律賓,188163,PHL
1998,越南,140782,VNM
1998,奧地利,3964,AUT
1998,新加坡,261125,SGP
1998,瑞士,11621,CHE
1998,義大利,12003,ITA
1998,德國,36924,DEU
1998,緬甸,25655,MMR
1998,澳大利亞,35312,AUS
1998,澳門,574973,MAC
1998,韓國,87043,KOR
1999,日本,720903,JPN
1999,加拿大,169897,CAN
1999,印尼,150430,IDN
1999,汶萊,3779,BRN
1999,帛琉,9936,PLW
1999,法國,21468,FRA
1999,美國,563991,USA
1999,英國,36393,GBR
1999,香港,1958946,HKG
1999,泰國,424926,THA
1999,紐西蘭,28933,NZL
1999,馬來西亞,254225,MYS
1999,荷蘭,107682,NLD
1999,菲律賓,139842,PHL
1999,越南,169201,VNM
1999,奧地利,20428,AUT
1999,新加坡,242691,SGP
1999,瑞士,16794,CHE
1999,義大利,12864,ITA
1999,德國,9436,DEU
1999,緬甸,26117,MMR
1999,澳大利亞,58097,AUS
1999,澳門,787750,MAC
1999,韓國,89325,KOR
2e3,日本,811388,JPN
2e3,加拿大,181409,CAN
2e3,印尼,221286,IDN
2e3,汶萊,9105,BRN
2e3,帛琉,13885,PLW
2e3,法國,22958,FRA
2e3,美國,651134,USA
2e3,英國,40277,GBR
2e3,香港,2311095,HKG
2e3,泰國,557184,THA
2e3,紐西蘭,50779,NZL
2e3,馬來西亞,299664,MYS
2e3,荷蘭,137021,NLD
2e3,菲律賓,38933,PHL
2e3,越南,199470,VNM
2e3,奧地利,22874,AUT
2e3,新加坡,234339,SGP
2e3,瑞士,20256,CHE
2e3,義大利,15138,ITA
2e3,德國,13925,DEU
2e3,緬甸,26251,MMR
2e3,澳大利亞,51874,AUS
2e3,澳門,1032638,MAC
2e3,韓國,108831,KOR
2001,日本,765247,JPN
2001,加拿大,141893,CAN
2001,印尼,233636,IDN
2001,汶萊,8611,BRN
2001,帛琉,13680,PLW
2001,法國,24745,FRA
2001,南非,0,ZAF
2001,美國,532010,USA
2001,英國,19487,GBR
2001,香港,2320843,HKG
2001,泰國,558173,THA
2001,紐西蘭,30703,NZL
2001,馬來西亞,248552,MYS
2001,荷蘭,135484,NLD
2001,菲律賓,100014,PHL
2001,越南,191948,VNM
2001,奧地利,19883,AUT
2001,新加坡,210982,SGP
2001,瑞士,15654,CHE
2001,義大利,15625,ITA
2001,德國,15494,DEU
2001,緬甸,21923,MMR
2001,澳大利亞,87427,AUS
2001,澳門,1174575,MAC
2001,韓國,115623,KOR
2002,日本,797460,JPN
2002,加拿大,132605,CAN
2002,印尼,259610,IDN
2002,汶萊,5850,BRN
2002,帛琉,15812,PLW
2002,法國,28967,FRA
2002,南非,0,ZAF
2002,美國,532180,USA
2002,英國,25764,GBR
2002,香港,2418872,HKG
2002,泰國,530945,THA
2002,紐西蘭,35758,NZL
2002,馬來西亞,186791,MYS
2002,荷蘭,129124,NLD
2002,菲律賓,128158,PHL
2002,越南,225733,VNM
2002,奧地利,24654,AUT
2002,新加坡,190455,SGP
2002,瑞士,4,CHE
2002,義大利,16346,ITA
2002,德國,18911,DEU
2002,緬甸,19814,MMR
2002,澳大利亞,70141,AUS
2002,澳門,1269840,MAC
2002,韓國,120208,KOR
2003,日本,731330,JPN
2003,加拿大,95226,CAN
2003,印尼,251284,IDN
2003,汶萊,3770,BRN
2003,帛琉,28388,PLW
2003,法國,24245,FRA
2003,南非,0,ZAF
2003,美國,479264,USA
2003,英國,23432,GBR
2003,香港,1869069,HKG
2003,泰國,392414,THA
2003,紐西蘭,24819,NZL
2003,馬來西亞,121267,MYS
2003,荷蘭,105885,NLD
2003,菲律賓,91418,PHL
2003,越南,222487,VNM
2003,奧地利,21754,AUT
2003,新加坡,125491,SGP
2003,瑞士,2,CHE
2003,義大利,16367,ITA
2003,德國,20524,DEU
2003,緬甸,17152,MMR
2003,澳大利亞,70679,AUS
2003,澳門,837936,MAC
2003,韓國,179893,KOR
2004,日本,1051954,JPN
2004,加拿大,112413,CAN
2004,印尼,283757,IDN
2004,汶萊,5795,BRN
2004,帛琉,41909,PLW
2004,法國,26423,FRA
2004,南非,0,ZAF
2004,美國,536217,USA
2004,英國,34071,GBR
2004,香港,2559705,HKG
2004,泰國,422189,THA
2004,紐西蘭,21047,NZL
2004,馬來西亞,180883,MYS
2004,荷蘭,128162,NLD
2004,菲律賓,112552,PHL
2004,越南,266115,VNM
2004,奧地利,22045,AUT
2004,新加坡,160088,SGP
2004,瑞士,0,CHE
2004,義大利,24484,ITA
2004,德國,25160,DEU
2004,緬甸,18064,MMR
2004,澳大利亞,75957,AUS
2004,澳門,1038006,MAC
2004,韓國,298325,KOR
2005,日本,1180406,JPN
2005,加拿大,104346,CAN
2005,印尼,185348,IDN
2005,汶萊,296,BRN
2005,帛琉,31012,PLW
2005,法國,26696,FRA
2005,南非,0,ZAF
2005,美國,578998,USA
2005,英國,33831,GBR
2005,香港,2807027,HKG
2005,泰國,268231,THA
2005,紐西蘭,20742,NZL
2005,馬來西亞,161296,MYS
2005,荷蘭,121728,NLD
2005,菲律賓,119125,PHL
2005,越南,234009,VNM
2005,奧地利,39047,AUT
2005,新加坡,184926,SGP
2005,瑞士,0,CHE
2005,義大利,25809,ITA
2005,德國,33911,DEU
2005,緬甸,15518,MMR
2005,澳大利亞,87912,AUS
2005,澳門,1163822,MAC
2005,韓國,368206,KOR
2006,日本,1214058,JPN
2006,加拿大,93244,CAN
2006,印尼,186165,IDN
2006,汶萊,276,BRN
2006,帛琉,26685,PLW
2006,法國,29287,FRA
2006,南非,0,ZAF
2006,美國,593794,USA
2006,英國,39255,GBR
2006,香港,2993317,HKG
2006,泰國,379275,THA
2006,紐西蘭,21495,NZL
2006,馬來西亞,181911,MYS
2006,荷蘭,93422,NLD
2006,菲律賓,110041,PHL
2006,越南,242852,VNM
2006,奧地利,42096,AUT
2006,新加坡,204834,SGP
2006,瑞士,0,CHE
2006,義大利,20552,ITA
2006,德國,33651,DEU
2006,緬甸,14606,MMR
2006,澳大利亞,76424,AUS
2006,澳門,1232232,MAC
2006,韓國,396705,KOR
2007,日本,1280853,JPN
2007,加拿大,87161,CAN
2007,印尼,201358,IDN
2007,汶萊,670,BRN
2007,帛琉,28238,PLW
2007,法國,27973,FRA
2007,南非,1,ZAF
2007,美國,587872,USA
2007,英國,38310,GBR
2007,香港,3030971,HKG
2007,泰國,353439,THA
2007,紐西蘭,17565,NZL
2007,馬來西亞,187788,MYS
2007,荷蘭,85352,NLD
2007,菲律賓,107824,PHL
2007,越南,272020,VNM
2007,奧地利,38107,AUT
2007,新加坡,189835,SGP
2007,瑞士,0,CHE
2007,義大利,17175,ITA
2007,德國,37105,DEU
2007,緬甸,13336,MMR
2007,澳大利亞,75408,AUS
2007,澳門,1196110,MAC
2007,韓國,457095,KOR
2008,土耳其,198,TUR
2008,土庫曼,0,TKM
2008,不丹,5655,BTN
2008,中國,188744,CHN
2008,丹麥,0,DNK
2008,厄瓜多,0,ECU
2008,巴布亞紐幾內亞,0,PNG
2008,巴西,0,BRA
2008,巴貝多,0,BRB
2008,巴拉圭,0,PRY
2008,巴林,0,BHR
2008,巴哈馬,0,BHS
2008,巴拿馬,0,PAN
2008,巴基斯坦,0,PAK
2008,日本,1309847,JPN
2008,比利時,0,BEL
2008,牙買加,0,JAM
2008,以色列,812,ISR
2008,加拿大,65393,CAN
2008,加彭,0,GAB
2008,北韓,159,PRK
2008,卡達,0,QAT
2008,古巴,0,CUB
2008,史瓦濟蘭,0,SWZ
2008,尼日,0,NER
2008,尼加拉瓜,0,NIC
2008,尼泊爾,0,NPL
2008,布吉納法索,0,BFA
2008,瓜地馬拉,0,GTM
2008,甘比亞,0,GMB
2008,白俄羅斯,0,BLR
2008,立陶宛,0,LTU
2008,伊拉克,977,IRQ
2008,伊朗,359,IRN
2008,冰島,0,ISL
2008,列支敦斯登,0,LIE
2008,匈牙利,0,HUN
2008,印尼,186117,IDN
2008,印度,14256,IND
2008,吉布地,0,DJI
2008,吉里巴斯,23,KIR
2008,吉爾吉斯,0,KGZ
2008,吐瓦魯,0,TUV
2008,多明尼加,0,DOM
2008,多哥,0,TGO
2008,安哥拉,0,AGO
2008,安道爾,1,AND
2008,百慕達,0,BMU
2008,衣索比亞,0,ETH
2008,西班牙,0,ESP
2008,薩摩亞,0,WSM
2008,克羅埃西亞,0,HRV
2008,利比亞,0,LBY
2008,宏都拉斯,0,HND
2008,希臘,0,GRC
2008,沙烏地阿拉伯,1,SAU
2008,汶萊,1233,BRN
2008,貝里斯,0,BLZ
2008,貝南,0,BEN
2008,赤道幾內亞,0,GNQ
2008,辛巴威,0,ZWE
2008,亞美尼亞,0,ARM
2008,亞塞拜然,0,AZE
2008,坦尚尼亞,0,TZA
2008,奈及利亞,2,NGA
2008,委內瑞拉,0,VEN
2008,尚比亞,0,ZMB
2008,帛琉,15918,PLW
2008,拉脫維亞,0,LVA
2008,東加,0,TON
2008,波札那,0,BWA
2008,波多黎各,0,PRI
2008,波蘭,0,POL
2008,法國,442,FRA
2008,肯亞,0,KEN
2008,芬蘭,0,FIN
2008,阿聯,14,ARE
2008,阿根廷,0,ARG
2008,阿曼,4,OMN
2008,阿爾及利亞,0,DZA
2008,阿爾巴尼亞,0,ALB
2008,保加利亞,0,BGR
2008,俄羅斯,6,RUS
2008,南非,38,ZAF
2008,哈薩克,0,KAZ
2008,東帝汶,945,TLS
2008,柬埔寨,51480,KHM
2008,查德,0,TCD
2008,玻利維亞,0,BOL
2008,科威特,203,KWT
2008,突尼西亞,0,TUN
2008,約旦,0,JOR
2008,美國,515590,USA
2008,茅利塔尼亞,0,MRT
2008,英國,39114,GBR
2008,香港,2851170,HKG
2008,剛果共和國,0,COG
2008,哥倫比亞,0,COL
2008,埃及,0,EGY
2008,挪威,0,NOR
2008,格瑞那達,0,GRD
2008,泰國,332997,THA
2008,海地,0,HTI
2008,烏干達,0,UGA
2008,烏克蘭,0,UKR
2008,烏拉圭,0,URY
2008,烏茲別克,0,UZB
2008,留尼旺,0,REU
2008,秘魯,0,PER
2008,索馬利亞,0,SOM
2008,索羅門群島,0,SLB
2008,紐西蘭,10732,NZL
2008,馬利,0,MLI
2008,馬來西亞,157650,MYS
2008,馬其頓,0,MKD
2008,馬拉威,0,MWI
2008,馬紹爾群島,0,MHL
2008,馬爾他,0,MLT
2008,馬爾地夫,0,MDV
2008,捷克,1,CZE
2008,敘利亞,0,SYR
2008,荷蘭,98321,NLD
2008,喀麥隆,0,CMR
2008,喬治亞,0,GEO
2008,幾內亞,0,GIN
2008,幾內亞比索,0,GNB
2008,斯里蘭卡,93,LKA
2008,斯洛伐克,0,SVK
2008,智利,0,CHL
2008,菲律賓,114155,PHL
2008,象牙海岸,0,CIV
2008,越南,285263,VNM
2008,塞內加爾,0,SEN
2008,塞席爾,0,SYC
2008,塔吉克,0,TJK
2008,奧地利,34080,AUT
2008,愛沙尼亞,0,EST
2008,愛爾蘭,0,IRL
2008,新加坡,167479,SGP
2008,獅子山,0,SLE
2008,瑞士,169,CHE
2008,瑞典,0,SWE
2008,萬那杜,0,VUT
2008,義大利,14656,ITA
2008,聖馬利諾,0,SMR
2008,聖露西亞,0,LCA
2008,葉門,0,YEM
2008,葛摩,0,COM
2008,葡萄牙,0,PRT
2008,蒙古,0,MNG
2008,蒲隆地,0,BDI
2008,斐濟,0,FJI
2008,寮國,1470,LAO
2008,德國,38205,DEU
2008,摩洛哥,0,MAR
2008,摩納哥,0,MCO
2008,摩爾多瓦,25,MDA
2008,模里西斯,0,MUS
2008,緬甸,10608,MMR
2008,黎巴嫩,141,LBN
2008,墨西哥,0,MEX
2008,澳門,926593,MAC
2008,澳大利亞,66543,AUS
2008,盧安達,0,RWA
2008,盧森堡,3,LUX
2008,諾魯,0,NRU
2008,賴比瑞亞,0,LBR
2008,賴索托,0,LSO
2008,賽普勒斯,100,CYP
2008,韓國,363122,KOR
2008,薩爾瓦多,0,SLV
2008,羅馬尼亞,0,ROU
2008,蘇丹,0,SDN
2008,蘇利南,0,SUR
2009,土耳其,0,TUR
2009,土庫曼,0,TKM
2009,不丹,5529,BTN
2009,中國,1516087,CHN
2009,丹麥,0,DNK
2009,厄瓜多,0,ECU
2009,巴布亞紐幾內亞,30,PNG
2009,巴西,0,BRA
2009,巴貝多,0,BRB
2009,巴拉圭,0,PRY
2009,巴林,0,BHR
2009,巴哈馬,2,BHS
2009,巴拿馬,107,PAN
2009,巴基斯坦,0,PAK
2009,日本,1113857,JPN
2009,比利時,0,BEL
2009,牙買加,0,JAM
2009,以色列,0,ISR
2009,加拿大,61893,CAN
2009,加彭,0,GAB
2009,北韓,0,PRK
2009,卡達,0,QAT
2009,古巴,0,CUB
2009,史瓦濟蘭,0,SWZ
2009,尼日,0,NER
2009,尼加拉瓜,0,NIC
2009,尼泊爾,183,NPL
2009,布吉納法索,0,BFA
2009,瓜地馬拉,0,GTM
2009,甘比亞,0,GMB
2009,白俄羅斯,0,BLR
2009,立陶宛,0,LTU
2009,伊拉克,5,IRQ
2009,伊朗,0,IRN
2009,冰島,0,ISL
2009,列支敦斯登,0,LIE
2009,匈牙利,0,HUN
2009,印尼,173429,IDN
2009,印度,11261,IND
2009,吉布地,0,DJI
2009,吉里巴斯,0,KIR
2009,吉爾吉斯,0,KGZ
2009,吐瓦魯,0,TUV
2009,多明尼加,0,DOM
2009,多哥,0,TGO
2009,安哥拉,1,AGO
2009,安道爾,0,AND
2009,百慕達,0,BMU
2009,衣索比亞,0,ETH
2009,西班牙,0,ESP
2009,薩摩亞,8,WSM
2009,克羅埃西亞,0,HRV
2009,利比亞,0,LBY
2009,宏都拉斯,0,HND
2009,希臘,0,GRC
2009,沙烏地阿拉伯,294,SAU
2009,汶萊,216,BRN
2009,貝里斯,0,BLZ
2009,貝南,0,BEN
2009,赤道幾內亞,0,GNQ
2009,辛巴威,0,ZWE
2009,亞美尼亞,0,ARM
2009,亞塞拜然,0,AZE
2009,坦尚尼亞,2835,TZA
2009,奈及利亞,0,NGA
2009,委內瑞拉,0,VEN
2009,尚比亞,0,ZMB
2009,帛琉,13264,PLW
2009,拉脫維亞,0,LVA
2009,東加,0,TON
2009,波札那,0,BWA
2009,波多黎各,0,PRI
2009,波蘭,0,POL
2009,法國,23518,FRA
2009,肯亞,0,KEN
2009,芬蘭,0,FIN
2009,阿聯,35,ARE
2009,阿根廷,0,ARG
2009,阿曼,0,OMN
2009,阿爾及利亞,0,DZA
2009,阿爾巴尼亞,0,ALB
2009,保加利亞,0,BGR
2009,俄羅斯,0,RUS
2009,南非,0,ZAF
2009,哈薩克,0,KAZ
2009,東帝汶,356,TLS
2009,柬埔寨,44231,KHM
2009,查德,0,TCD
2009,玻利維亞,0,BOL
2009,科威特,240,KWT
2009,突尼西亞,0,TUN
2009,約旦,18,JOR
2009,美國,415465,USA
2009,茅利塔尼亞,0,MRT
2009,英國,50621,GBR
2009,香港,2261001,HKG
2009,剛果共和國,0,COG
2009,哥倫比亞,0,COL
2009,埃及,0,EGY
2009,挪威,0,NOR
2009,格瑞那達,0,GRD
2009,泰國,258449,THA
2009,海地,0,HTI
2009,烏干達,0,UGA
2009,烏克蘭,0,UKR
2009,烏拉圭,0,URY
2009,烏茲別克,0,UZB
2009,留尼旺,0,REU
2009,秘魯,0,PER
2009,索馬利亞,0,SOM
2009,索羅門群島,2,SLB
2009,紐西蘭,1,NZL
2009,馬利,0,MLI
2009,馬來西亞,153695,MYS
2009,馬其頓,0,MKD
2009,馬拉威,0,MWI
2009,馬紹爾群島,16,MHL
2009,馬爾他,0,MLT
2009,馬爾地夫,12,MDV
2009,捷克,3,CZE
2009,敘利亞,0,SYR
2009,荷蘭,84535,NLD
2009,喀麥隆,0,CMR
2009,喬治亞,0,GEO
2009,幾內亞,0,GIN
2009,幾內亞比索,0,GNB
2009,斯里蘭卡,620,LKA
2009,斯洛伐克,0,SVK
2009,智利,1,CHL
2009,菲律賓,97372,PHL
2009,象牙海岸,0,CIV
2009,越南,264819,VNM
2009,塞內加爾,0,SEN
2009,塞席爾,0,SYC
2009,塔吉克,0,TJK
2009,奧地利,34829,AUT
2009,愛沙尼亞,0,EST
2009,愛爾蘭,0,IRL
2009,新加坡,137348,SGP
2009,獅子山,0,SLE
2009,瑞士,565,CHE
2009,瑞典,0,SWE
2009,萬那杜,1,VUT
2009,義大利,9726,ITA
2009,聖馬利諾,0,SMR
2009,聖露西亞,0,LCA
2009,葉門,0,YEM
2009,葛摩,0,COM
2009,葡萄牙,0,PRT
2009,蒙古,103,MNG
2009,蒲隆地,0,BDI
2009,斐濟,0,FJI
2009,寮國,181,LAO
2009,德國,32797,DEU
2009,摩洛哥,0,MAR
2009,摩納哥,0,MCO
2009,摩爾多瓦,0,MDA
2009,模里西斯,0,MUS
2009,緬甸,11570,MMR
2009,黎巴嫩,41,LBN
2009,墨西哥,0,MEX
2009,澳門,739263,MAC
2009,澳大利亞,89793,AUS
2009,盧安達,0,RWA
2009,盧森堡,5,LUX
2009,諾魯,0,NRU
2009,賴比瑞亞,2,LBR
2009,賴索托,0,LSO
2009,賽普勒斯,117,CYP
2009,韓國,388806,KOR
2009,薩爾瓦多,0,SLV
2009,羅馬尼亞,183,ROU
2009,蘇丹,0,SDN
2009,蘇利南,0,SUR
2010,土耳其,0,TUR
2010,土庫曼,0,TKM
2010,不丹,9114,BTN
2010,中國,2424242,CHN
2010,丹麥,0,DNK
2010,厄瓜多,0,ECU
2010,巴布亞紐幾內亞,0,PNG
2010,巴西,9,BRA
2010,巴貝多,0,BRB
2010,巴拉圭,0,PRY
2010,巴林,0,BHR
2010,巴哈馬,0,BHS
2010,巴拿馬,70,PAN
2010,巴基斯坦,0,PAK
2010,日本,1377957,JPN
2010,比利時,0,BEL
2010,牙買加,0,JAM
2010,以色列,1,ISR
2010,加拿大,63002,CAN
2010,加彭,0,GAB
2010,北韓,108,PRK
2010,卡達,0,QAT
2010,古巴,0,CUB
2010,史瓦濟蘭,0,SWZ
2010,尼日,0,NER
2010,尼加拉瓜,0,NIC
2010,尼泊爾,0,NPL
2010,布吉納法索,0,BFA
2010,瓜地馬拉,0,GTM
2010,甘比亞,0,GMB
2010,白俄羅斯,0,BLR
2010,立陶宛,0,LTU
2010,伊拉克,28,IRQ
2010,伊朗,478,IRN
2010,冰島,0,ISL
2010,列支敦斯登,0,LIE
2010,匈牙利,0,HUN
2010,印尼,179845,IDN
2010,印度,9250,IND
2010,吉布地,0,DJI
2010,吉里巴斯,0,KIR
2010,吉爾吉斯,0,KGZ
2010,吐瓦魯,0,TUV
2010,多明尼加,0,DOM
2010,多哥,0,TGO
2010,安哥拉,1,AGO
2010,安道爾,0,AND
2010,百慕達,0,BMU
2010,衣索比亞,0,ETH
2010,西班牙,2,ESP
2010,薩摩亞,18,WSM
2010,克羅埃西亞,0,HRV
2010,利比亞,0,LBY
2010,宏都拉斯,0,HND
2010,希臘,0,GRC
2010,沙烏地阿拉伯,9,SAU
2010,汶萊,714,BRN
2010,貝里斯,0,BLZ
2010,貝南,0,BEN
2010,赤道幾內亞,0,GNQ
2010,辛巴威,0,ZWE
2010,亞美尼亞,0,ARM
2010,亞塞拜然,0,AZE
2010,坦尚尼亞,817,TZA
2010,奈及利亞,1,NGA
2010,委內瑞拉,202,VEN
2010,尚比亞,0,ZMB
2010,帛琉,19951,PLW
2010,拉脫維亞,0,LVA
2010,東加,64,TON
2010,波札那,0,BWA
2010,波多黎各,0,PRI
2010,波蘭,0,POL
2010,法國,23960,FRA
2010,肯亞,0,KEN
2010,芬蘭,0,FIN
2010,阿聯,14,ARE
2010,阿根廷,1,ARG
2010,阿曼,0,OMN
2010,阿爾及利亞,0,DZA
2010,阿爾巴尼亞,0,ALB
2010,保加利亞,0,BGR
2010,俄羅斯,0,RUS
2010,南非,0,ZAF
2010,哈薩克,0,KAZ
2010,東帝汶,2323,TLS
2010,柬埔寨,57078,KHM
2010,查德,0,TCD
2010,玻利維亞,0,BOL
2010,科威特,0,KWT
2010,突尼西亞,0,TUN
2010,約旦,1281,JOR
2010,美國,436233,USA
2010,茅利塔尼亞,0,MRT
2010,英國,36142,GBR
2010,香港,2308633,HKG
2010,剛果共和國,0,COG
2010,哥倫比亞,0,COL
2010,埃及,0,EGY
2010,挪威,0,NOR
2010,格瑞那達,0,GRD
2010,泰國,350074,THA
2010,海地,0,HTI
2010,烏干達,0,UGA
2010,烏克蘭,4,UKR
2010,烏拉圭,0,URY
2010,烏茲別克,0,UZB
2010,留尼旺,0,REU
2010,秘魯,0,PER
2010,索馬利亞,0,SOM
2010,索羅門群島,1,SLB
2010,紐西蘭,997,NZL
2010,馬利,0,MLI
2010,馬來西亞,212509,MYS
2010,馬其頓,0,MKD
2010,馬拉威,0,MWI
2010,馬紹爾群島,1,MHL
2010,馬爾他,0,MLT
2010,馬爾地夫,2,MDV
2010,捷克,1,CZE
2010,敘利亞,0,SYR
2010,荷蘭,43955,NLD
2010,喀麥隆,0,CMR
2010,喬治亞,0,GEO
2010,幾內亞,0,GIN
2010,幾內亞比索,0,GNB
2010,斯里蘭卡,120,LKA
2010,斯洛伐克,0,SVK
2010,智利,0,CHL
2010,菲律賓,139762,PHL
2010,象牙海岸,0,CIV
2010,越南,313987,VNM
2010,塞內加爾,0,SEN
2010,塞席爾,0,SYC
2010,塔吉克,0,TJK
2010,奧地利,26081,AUT
2010,愛沙尼亞,0,EST
2010,愛爾蘭,0,IRL
2010,新加坡,166126,SGP
2010,獅子山,0,SLE
2010,瑞士,919,CHE
2010,瑞典,0,SWE
2010,萬那杜,4,VUT
2010,義大利,7719,ITA
2010,聖馬利諾,0,SMR
2010,聖露西亞,0,LCA
2010,葉門,0,YEM
2010,葛摩,0,COM
2010,葡萄牙,16,PRT
2010,蒙古,0,MNG
2010,蒲隆地,0,BDI
2010,斐濟,22,FJI
2010,寮國,94,LAO
2010,德國,31975,DEU
2010,摩洛哥,286,MAR
2010,摩納哥,0,MCO
2010,摩爾多瓦,0,MDA
2010,模里西斯,4,MUS
2010,緬甸,14097,MMR
2010,黎巴嫩,0,LBN
2010,墨西哥,0,MEX
2010,澳門,667910,MAC
2010,澳大利亞,74787,AUS
2010,盧安達,0,RWA
2010,盧森堡,10,LUX
2010,諾魯,0,NRU
2010,賴比瑞亞,0,LBR
2010,賴索托,0,LSO
2010,賽普勒斯,0,CYP
2010,韓國,406290,KOR
2010,薩爾瓦多,0,SLV
2010,羅馬尼亞,1512,ROU
2010,蘇丹,0,SDN
2010,蘇利南,0,SUR
2011,土耳其,0,TUR
2011,土庫曼,0,TKM
2011,不丹,3683,BTN
2011,中國,2846572,CHN
2011,丹麥,0,DNK
2011,厄瓜多,0,ECU
2011,巴布亞紐幾內亞,9,PNG
2011,巴西,3,BRA
2011,巴貝多,0,BRB
2011,巴拉圭,0,PRY
2011,巴林,0,BHR
2011,巴哈馬,4,BHS
2011,巴拿馬,129,PAN
2011,巴基斯坦,0,PAK
2011,日本,1136394,JPN
2011,比利時,0,BEL
2011,牙買加,0,JAM
2011,以色列,2084,ISR
2011,加拿大,67733,CAN
2011,加彭,0,GAB
2011,北韓,0,PRK
2011,卡達,3,QAT
2011,古巴,0,CUB
2011,史瓦濟蘭,0,SWZ
2011,尼日,0,NER
2011,尼加拉瓜,0,NIC
2011,尼泊爾,3,NPL
2011,布吉納法索,0,BFA
2011,瓜地馬拉,0,GTM
2011,甘比亞,0,GMB
2011,白俄羅斯,9,BLR
2011,立陶宛,0,LTU
2011,伊拉克,431,IRQ
2011,伊朗,75,IRN
2011,冰島,0,ISL
2011,列支敦斯登,0,LIE
2011,匈牙利,0,HUN
2011,印尼,212826,IDN
2011,印度,7209,IND
2011,吉布地,0,DJI
2011,吉里巴斯,0,KIR
2011,吉爾吉斯,9,KGZ
2011,吐瓦魯,9,TUV
2011,多明尼加,0,DOM
2011,多哥,0,TGO
2011,安哥拉,0,AGO
2011,安道爾,0,AND
2011,百慕達,0,BMU
2011,衣索比亞,0,ETH
2011,西班牙,1,ESP
2011,薩摩亞,19,WSM
2011,克羅埃西亞,0,HRV
2011,利比亞,0,LBY
2011,宏都拉斯,10,HND
2011,希臘,101,GRC
2011,沙烏地阿拉伯,56,SAU
2011,汶萊,1628,BRN
2011,貝里斯,0,BLZ
2011,貝南,0,BEN
2011,赤道幾內亞,0,GNQ
2011,辛巴威,0,ZWE
2011,亞美尼亞,0,ARM
2011,亞塞拜然,0,AZE
2011,坦尚尼亞,0,TZA
2011,奈及利亞,2,NGA
2011,委內瑞拉,523,VEN
2011,尚比亞,0,ZMB
2011,帛琉,30079,PLW
2011,拉脫維亞,0,LVA
2011,東加,0,TON
2011,波札那,0,BWA
2011,波多黎各,0,PRI
2011,波蘭,318,POL
2011,法國,31337,FRA
2011,肯亞,0,KEN
2011,芬蘭,0,FIN
2011,阿聯,141,ARE
2011,阿根廷,0,ARG
2011,阿曼,0,OMN
2011,阿爾及利亞,0,DZA
2011,阿爾巴尼亞,0,ALB
2011,保加利亞,155,BGR
2011,俄羅斯,5,RUS
2011,南非,1,ZAF
2011,哈薩克,0,KAZ
2011,東帝汶,249,TLS
2011,柬埔寨,67341,KHM
2011,查德,0,TCD
2011,玻利維亞,1,BOL
2011,科威特,78,KWT
2011,突尼西亞,0,TUN
2011,約旦,0,JOR
2011,美國,404848,USA
2011,茅利塔尼亞,0,MRT
2011,英國,36376,GBR
2011,香港,2156760,HKG
2011,剛果共和國,0,COG
2011,哥倫比亞,0,COL
2011,埃及,0,EGY
2011,挪威,0,NOR
2011,格瑞那達,0,GRD
2011,泰國,382635,THA
2011,海地,0,HTI
2011,烏干達,0,UGA
2011,烏克蘭,0,UKR
2011,烏拉圭,1,URY
2011,烏茲別克,0,UZB
2011,留尼旺,0,REU
2011,秘魯,1,PER
2011,索馬利亞,1,SOM
2011,索羅門群島,596,SLB
2011,紐西蘭,15962,NZL
2011,馬利,0,MLI
2011,馬來西亞,209164,MYS
2011,馬其頓,0,MKD
2011,馬拉威,0,MWI
2011,馬紹爾群島,7,MHL
2011,馬爾他,0,MLT
2011,馬爾地夫,2,MDV
2011,捷克,3,CZE
2011,敘利亞,0,SYR
2011,荷蘭,85238,NLD
2011,喀麥隆,0,CMR
2011,喬治亞,0,GEO
2011,幾內亞,0,GIN
2011,幾內亞比索,0,GNB
2011,斯里蘭卡,513,LKA
2011,斯洛伐克,0,SVK
2011,智利,1,CHL
2011,菲律賓,178876,PHL
2011,象牙海岸,0,CIV
2011,越南,318587,VNM
2011,塞內加爾,0,SEN
2011,塞席爾,209,SYC
2011,塔吉克,0,TJK
2011,奧地利,35901,AUT
2011,愛沙尼亞,0,EST
2011,愛爾蘭,320,IRL
2011,新加坡,207808,SGP
2011,獅子山,0,SLE
2011,瑞士,1414,CHE
2011,瑞典,0,SWE
2011,萬那杜,13,VUT
2011,義大利,9355,ITA
2011,聖馬利諾,0,SMR
2011,聖露西亞,0,LCA
2011,葉門,173,YEM
2011,葛摩,188,COM
2011,葡萄牙,0,PRT
2011,蒙古,22,MNG
2011,蒲隆地,0,BDI
2011,斐濟,37,FJI
2011,寮國,154,LAO
2011,德國,35378,DEU
2011,摩洛哥,0,MAR
2011,摩納哥,0,MCO
2011,摩爾多瓦,0,MDA
2011,模里西斯,0,MUS
2011,緬甸,16263,MMR
2011,黎巴嫩,0,LBN
2011,墨西哥,4,MEX
2011,澳門,587633,MAC
2011,澳大利亞,54889,AUS
2011,盧安達,0,RWA
2011,盧森堡,6,LUX
2011,諾魯,1,NRU
2011,賴比瑞亞,2,LBR
2011,賴索托,0,LSO
2011,賽普勒斯,778,CYP
2011,韓國,423266,KOR
2011,薩爾瓦多,0,SLV
2011,羅馬尼亞,3128,ROU
2011,蘇丹,44,SDN
2011,蘇利南,0,SUR
2012,土耳其,0,TUR
2012,土庫曼,0,TKM
2012,不丹,558,BTN
2012,中國,3139055,CHN
2012,丹麥,0,DNK
2012,厄瓜多,0,ECU
2012,巴布亞紐幾內亞,0,PNG
2012,巴西,0,BRA
2012,巴貝多,0,BRB
2012,巴拉圭,0,PRY
2012,巴林,0,BHR
2012,巴哈馬,0,BHS
2012,巴拿馬,106,PAN
2012,巴基斯坦,35,PAK
2012,日本,1560300,JPN
2012,比利時,5,BEL
2012,牙買加,0,JAM
2012,以色列,203,ISR
2012,加拿大,66614,CAN
2012,加彭,187,GAB
2012,北韓,0,PRK
2012,卡達,1,QAT
2012,古巴,0,CUB
2012,史瓦濟蘭,0,SWZ
2012,尼日,0,NER
2012,尼加拉瓜,60,NIC
2012,尼泊爾,0,NPL
2012,布吉納法索,132,BFA
2012,瓜地馬拉,0,GTM
2012,甘比亞,1249,GMB
2012,白俄羅斯,0,BLR
2012,立陶宛,0,LTU
2012,伊拉克,10,IRQ
2012,伊朗,0,IRN
2012,冰島,0,ISL
2012,列支敦斯登,0,LIE
2012,匈牙利,0,HUN
2012,印尼,198893,IDN
2012,印度,6548,IND
2012,吉布地,0,DJI
2012,吉里巴斯,0,KIR
2012,吉爾吉斯,0,KGZ
2012,吐瓦魯,0,TUV
2012,多明尼加,0,DOM
2012,多哥,0,TGO
2012,安哥拉,23,AGO
2012,安道爾,2,AND
2012,百慕達,0,BMU
2012,衣索比亞,0,ETH
2012,西班牙,0,ESP
2012,薩摩亞,7,WSM
2012,克羅埃西亞,0,HRV
2012,利比亞,0,LBY
2012,宏都拉斯,577,HND
2012,希臘,0,GRC
2012,沙烏地阿拉伯,15,SAU
2012,汶萊,1100,BRN
2012,貝里斯,4,BLZ
2012,貝南,0,BEN
2012,赤道幾內亞,0,GNQ
2012,辛巴威,0,ZWE
2012,亞美尼亞,0,ARM
2012,亞塞拜然,0,AZE
2012,坦尚尼亞,0,TZA
2012,奈及利亞,0,NGA
2012,委內瑞拉,78,VEN
2012,尚比亞,0,ZMB
2012,帛琉,37512,PLW
2012,拉脫維亞,0,LVA
2012,東加,0,TON
2012,波札那,0,BWA
2012,波多黎各,0,PRI
2012,波蘭,97,POL
2012,法國,30132,FRA
2012,肯亞,0,KEN
2012,芬蘭,2,FIN
2012,阿聯,5,ARE
2012,阿根廷,0,ARG
2012,阿曼,0,OMN
2012,阿爾及利亞,0,DZA
2012,阿爾巴尼亞,3,ALB
2012,保加利亞,0,BGR
2012,俄羅斯,49,RUS
2012,南非,6,ZAF
2012,哈薩克,0,KAZ
2012,東帝汶,50,TLS
2012,柬埔寨,65599,KHM
2012,查德,0,TCD
2012,玻利維亞,0,BOL
2012,科威特,23,KWT
2012,突尼西亞,0,TUN
2012,約旦,0,JOR
2012,美國,469568,USA
2012,茅利塔尼亞,0,MRT
2012,英國,38002,GBR
2012,香港,2021212,HKG
2012,剛果共和國,0,COG
2012,哥倫比亞,0,COL
2012,埃及,0,EGY
2012,挪威,0,NOR
2012,格瑞那達,0,GRD
2012,泰國,306746,THA
2012,海地,0,HTI
2012,烏干達,0,UGA
2012,烏克蘭,0,UKR
2012,烏拉圭,0,URY
2012,烏茲別克,0,UZB
2012,留尼旺,1,REU
2012,秘魯,1,PER
2012,索馬利亞,0,SOM
2012,索羅門群島,11,SLB
2012,紐西蘭,1621,NZL
2012,馬利,0,MLI
2012,馬來西亞,193170,MYS
2012,馬其頓,0,MKD
2012,馬拉威,0,MWI
2012,馬紹爾群島,1,MHL
2012,馬爾他,0,MLT
2012,馬爾地夫,0,MDV
2012,捷克,2,CZE
2012,敘利亞,121,SYR
2012,荷蘭,83253,NLD
2012,喀麥隆,0,CMR
2012,喬治亞,0,GEO
2012,幾內亞,0,GIN
2012,幾內亞比索,0,GNB
2012,斯里蘭卡,233,LKA
2012,斯洛伐克,0,SVK
2012,智利,0,CHL
2012,菲律賓,211385,PHL
2012,象牙海岸,0,CIV
2012,越南,341511,VNM
2012,塞內加爾,0,SEN
2012,塞席爾,0,SYC
2012,塔吉克,0,TJK
2012,奧地利,39734,AUT
2012,愛沙尼亞,0,EST
2012,愛爾蘭,0,IRL
2012,新加坡,241893,SGP
2012,獅子山,0,SLE
2012,瑞士,64,CHE
2012,瑞典,0,SWE
2012,萬那杜,4,VUT
2012,義大利,12718,ITA
2012,聖馬利諾,0,SMR
2012,聖露西亞,0,LCA
2012,葉門,17,YEM
2012,葛摩,218,COM
2012,葡萄牙,0,PRT
2012,蒙古,1,MNG
2012,蒲隆地,0,BDI
2012,斐濟,24,FJI
2012,寮國,225,LAO
2012,德國,36271,DEU
2012,摩洛哥,0,MAR
2012,摩納哥,0,MCO
2012,摩爾多瓦,0,MDA
2012,模里西斯,0,MUS
2012,緬甸,18380,MMR
2012,黎巴嫩,360,LBN
2012,墨西哥,0,MEX
2012,澳門,527050,MAC
2012,澳大利亞,49986,AUS
2012,盧安達,0,RWA
2012,盧森堡,10,LUX
2012,諾魯,0,NRU
2012,賴比瑞亞,10,LBR
2012,賴索托,0,LSO
2012,賽普勒斯,4,CYP
2012,韓國,532729,KOR
2012,薩爾瓦多,0,SLV
2012,羅馬尼亞,416,ROU
2012,蘇丹,0,SDN
2012,蘇利南,0,SUR
2013,土耳其,0,TUR
2013,土庫曼,0,TKM
2013,不丹,26,BTN
2013,中國,3072327,CHN
2013,丹麥,0,DNK
2013,厄瓜多,0,ECU
2013,巴布亞紐幾內亞,1,PNG
2013,巴西,0,BRA
2013,巴貝多,0,BRB
2013,巴拉圭,0,PRY
2013,巴林,0,BHR
2013,巴哈馬,0,BHS
2013,巴拿馬,85,PAN
2013,巴基斯坦,0,PAK
2013,日本,2346007,JPN
2013,比利時,0,BEL
2013,牙買加,0,JAM
2013,以色列,100162,ISR
2013,加拿大,65086,CAN
2013,加彭,0,GAB
2013,北韓,0,PRK
2013,卡達,17,QAT
2013,古巴,0,CUB
2013,史瓦濟蘭,0,SWZ
2013,尼日,0,NER
2013,尼加拉瓜,0,NIC
2013,尼泊爾,0,NPL
2013,布吉納法索,0,BFA
2013,瓜地馬拉,0,GTM
2013,甘比亞,0,GMB
2013,白俄羅斯,0,BLR
2013,立陶宛,0,LTU
2013,伊拉克,1,IRQ
2013,伊朗,0,IRN
2013,冰島,0,ISL
2013,列支敦斯登,0,LIE
2013,匈牙利,0,HUN
2013,印尼,166378,IDN
2013,印度,20655,IND
2013,吉布地,0,DJI
2013,吉里巴斯,0,KIR
2013,吉爾吉斯,0,KGZ
2013,吐瓦魯,0,TUV
2013,多明尼加,0,DOM
2013,多哥,0,TGO
2013,安哥拉,0,AGO
2013,安道爾,0,AND
2013,百慕達,0,BMU
2013,衣索比亞,0,ETH
2013,西班牙,0,ESP
2013,薩摩亞,0,WSM
2013,克羅埃西亞,0,HRV
2013,利比亞,0,LBY
2013,宏都拉斯,0,HND
2013,希臘,0,GRC
2013,沙烏地阿拉伯,11,SAU
2013,汶萊,2411,BRN
2013,貝里斯,20,BLZ
2013,貝南,0,BEN
2013,赤道幾內亞,0,GNQ
2013,辛巴威,0,ZWE
2013,亞美尼亞,0,ARM
2013,亞塞拜然,0,AZE
2013,坦尚尼亞,11,TZA
2013,奈及利亞,0,NGA
2013,委內瑞拉,0,VEN
2013,尚比亞,0,ZMB
2013,帛琉,27164,PLW
2013,拉脫維亞,0,LVA
2013,東加,0,TON
2013,波札那,0,BWA
2013,波多黎各,0,PRI
2013,波蘭,0,POL
2013,法國,33000,FRA
2013,法屬玻里尼西亞,0,PYF
2013,肯亞,0,KEN
2013,芬蘭,0,FIN
2013,阿聯,14,ARE
2013,阿根廷,2,ARG
2013,阿曼,0,OMN
2013,阿爾及利亞,0,DZA
2013,阿爾巴尼亞,0,ALB
2013,保加利亞,0,BGR
2013,俄羅斯,17,RUS
2013,南非,2,ZAF
2013,哈薩克,0,KAZ
2013,東帝汶,0,TLS
2013,柬埔寨,61338,KHM
2013,查德,0,TCD
2013,玻利維亞,0,BOL
2013,科威特,3,KWT
2013,突尼西亞,0,TUN
2013,約旦,0,JOR
2013,美國,381374,USA
2013,茅利塔尼亞,0,MRT
2013,英國,1,GBR
2013,香港,2038732,HKG
2013,剛果共和國,0,COG
2013,哥倫比亞,0,COL
2013,埃及,0,EGY
2013,挪威,0,NOR
2013,格瑞那達,0,GRD
2013,泰國,507616,THA
2013,海地,0,HTI
2013,烏干達,0,UGA
2013,烏克蘭,0,UKR
2013,烏拉圭,2,URY
2013,烏茲別克,0,UZB
2013,留尼旺,0,REU
2013,秘魯,10,PER
2013,索馬利亞,0,SOM
2013,索羅門群島,2,SLB
2013,紐西蘭,6,NZL
2013,馬利,0,MLI
2013,馬來西亞,226919,MYS
2013,馬其頓,0,MKD
2013,馬拉威,0,MWI
2013,馬紹爾群島,14,MHL
2013,馬爾他,0,MLT
2013,馬爾地夫,8,MDV
2013,捷克,0,CZE
2013,敘利亞,0,SYR
2013,荷蘭,22102,NLD
2013,喀麥隆,0,CMR
2013,喬治亞,0,GEO
2013,幾內亞,0,GIN
2013,幾內亞比索,0,GNB
2013,斯里蘭卡,4,LKA
2013,斯洛伐克,0,SVK
2013,智利,0,CHL
2013,菲律賓,129361,PHL
2013,象牙海岸,0,CIV
2013,越南,361957,VNM
2013,塞內加爾,0,SEN
2013,塞席爾,7,SYC
2013,塔吉克,0,TJK
2013,奧地利,23487,AUT
2013,愛沙尼亞,0,EST
2013,愛爾蘭,0,IRL
2013,新加坡,297588,SGP
2013,獅子山,0,SLE
2013,瑞士,0,CHE
2013,瑞典,0,SWE
2013,萬那杜,62,VUT
2013,義大利,70,ITA
2013,聖馬利諾,0,SMR
2013,聖露西亞,0,LCA
2013,葉門,0,YEM
2013,葛摩,0,COM
2013,葡萄牙,0,PRT
2013,蒙古,0,MNG
2013,蒲隆地,0,BDI
2013,斐濟,44,FJI
2013,寮國,289,LAO
2013,德國,41122,DEU
2013,摩洛哥,0,MAR
2013,摩納哥,0,MCO
2013,摩爾多瓦,0,MDA
2013,模里西斯,0,MUS
2013,緬甸,23864,MMR
2013,黎巴嫩,0,LBN
2013,墨西哥,16,MEX
2013,澳門,514701,MAC
2013,澳大利亞,69824,AUS
2013,盧安達,0,RWA
2013,盧森堡,1,LUX
2013,諾魯,0,NRU
2013,賴比瑞亞,1,LBR
2013,賴索托,0,LSO
2013,賽普勒斯,13,CYP
2013,韓國,518528,KOR
2013,薩爾瓦多,0,SLV
2013,羅馬尼亞,0,ROU
2013,蘇丹,0,SDN
2013,蘇利南,0,SUR
2014,土耳其,0,TUR
2014,土庫曼,0,TKM
2014,不丹,2,BTN
2014,中國,3267238,CHN
2014,丹麥,0,DNK
2014,厄瓜多,0,ECU
2014,巴布亞紐幾內亞,2,PNG
2014,巴西,5,BRA
2014,巴貝多,0,BRB
2014,巴拉圭,0,PRY
2014,巴林,0,BHR
2014,巴哈馬,0,BHS
2014,巴拿馬,30,PAN
2014,巴基斯坦,0,PAK
2014,日本,2971846,JPN
2014,比利時,0,BEL
2014,牙買加,0,JAM
2014,以色列,5,ISR
2014,加拿大,70285,CAN
2014,加彭,0,GAB
2014,北韓,0,PRK
2014,卡達,13,QAT
2014,古巴,0,CUB
2014,史瓦濟蘭,0,SWZ
2014,尼日,0,NER
2014,尼加拉瓜,0,NIC
2014,尼泊爾,0,NPL
2014,布吉納法索,0,BFA
2014,瓜地馬拉,0,GTM
2014,甘比亞,0,GMB
2014,白俄羅斯,0,BLR
2014,立陶宛,0,LTU
2014,伊拉克,1,IRQ
2014,伊朗,1,IRN
2014,冰島,0,ISL
2014,列支敦斯登,0,LIE
2014,匈牙利,0,HUN
2014,印尼,170301,IDN
2014,印度,18873,IND
2014,吉布地,0,DJI
2014,吉里巴斯,0,KIR
2014,吉爾吉斯,0,KGZ
2014,吐瓦魯,6,TUV
2014,多明尼加,1,DOM
2014,多哥,0,TGO
2014,安哥拉,0,AGO
2014,安道爾,0,AND
2014,百慕達,0,BMU
2014,衣索比亞,0,ETH
2014,西班牙,3,ESP
2014,薩摩亞,0,WSM
2014,克羅埃西亞,0,HRV
2014,利比亞,0,LBY
2014,宏都拉斯,0,HND
2014,希臘,0,GRC
2014,沙烏地阿拉伯,8,SAU
2014,汶萊,298,BRN
2014,貝里斯,10,BLZ
2014,貝南,0,BEN
2014,赤道幾內亞,0,GNQ
2014,辛巴威,0,ZWE
2014,亞美尼亞,0,ARM
2014,亞塞拜然,0,AZE
2014,坦尚尼亞,0,TZA
2014,奈及利亞,0,NGA
2014,委內瑞拉,0,VEN
2014,尚比亞,0,ZMB
2014,帛琉,30471,PLW
2014,拉脫維亞,0,LVA
2014,東加,0,TON
2014,波札那,0,BWA
2014,波多黎各,0,PRI
2014,波蘭,0,POL
2014,法國,39126,FRA
2014,肯亞,0,KEN
2014,芬蘭,17,FIN
2014,阿聯,61274,ARE
2014,阿根廷,0,ARG
2014,阿曼,0,OMN
2014,阿爾及利亞,5,DZA
2014,阿爾巴尼亞,0,ALB
2014,保加利亞,0,BGR
2014,俄羅斯,1252,RUS
2014,南非,8,ZAF
2014,哈薩克,0,KAZ
2014,東帝汶,0,TLS
2014,柬埔寨,69195,KHM
2014,查德,0,TCD
2014,玻利維亞,0,BOL
2014,科威特,10,KWT
2014,突尼西亞,0,TUN
2014,約旦,0,JOR
2014,美國,425138,USA
2014,茅利塔尼亞,0,MRT
2014,英國,0,GBR
2014,香港,2018129,HKG
2014,剛果共和國,0,COG
2014,哥倫比亞,0,COL
2014,埃及,0,EGY
2014,挪威,2,NOR
2014,格瑞那達,0,GRD
2014,泰國,419133,THA
2014,海地,0,HTI
2014,烏干達,0,UGA
2014,烏克蘭,0,UKR
2014,烏拉圭,1,URY
2014,烏茲別克,0,UZB
2014,留尼旺,0,REU
2014,秘魯,0,PER
2014,索馬利亞,0,SOM
2014,索羅門群島,0,SLB
2014,紐西蘭,0,NZL
2014,馬利,0,MLI
2014,馬來西亞,198902,MYS
2014,馬其頓,0,MKD
2014,馬拉威,0,MWI
2014,馬紹爾群島,19,MHL
2014,馬爾他,0,MLT
2014,馬爾地夫,5,MDV
2014,捷克,15,CZE
2014,敘利亞,0,SYR
2014,荷蘭,22749,NLD
2014,喀麥隆,0,CMR
2014,喬治亞,0,GEO
2014,幾內亞,0,GIN
2014,幾內亞比索,0,GNB
2014,斯里蘭卡,0,LKA
2014,斯洛伐克,0,SVK
2014,智利,0,CHL
2014,菲律賓,133583,PHL
2014,象牙海岸,0,CIV
2014,越南,339107,VNM
2014,塞內加爾,0,SEN
2014,塞席爾,0,SYC
2014,塔吉克,0,TJK
2014,奧地利,26256,AUT
2014,愛沙尼亞,0,EST
2014,愛爾蘭,0,IRL
2014,新加坡,283925,SGP
2014,獅子山,0,SLE
2014,瑞士,0,CHE
2014,瑞典,0,SWE
2014,萬那杜,70,VUT
2014,義大利,0,ITA
2014,聖馬利諾,0,SMR
2014,聖露西亞,0,LCA
2014,葉門,0,YEM
2014,葛摩,0,COM
2014,葡萄牙,0,PRT
2014,蒙古,1,MNG
2014,蒲隆地,0,BDI
2014,斐濟,35,FJI
2014,寮國,152,LAO
2014,德國,44251,DEU
2014,摩洛哥,0,MAR
2014,摩納哥,0,MCO
2014,摩爾多瓦,0,MDA
2014,模里西斯,0,MUS
2014,緬甸,22817,MMR
2014,黎巴嫩,0,LBN
2014,墨西哥,9,MEX
2014,澳門,493188,MAC
2014,澳大利亞,85745,AUS
2014,盧安達,0,RWA
2014,盧森堡,3,LUX
2014,諾魯,0,NRU
2014,賴比瑞亞,0,LBR
2014,賴索托,0,LSO
2014,賽普勒斯,953,CYP
2014,韓國,626694,KOR
2014,薩爾瓦多,0,SLV
2014,羅馬尼亞,0,ROU
2014,蘇丹,0,SDN
2014,蘇利南,0,SUR
2015,土耳其,47083,TUR
2015,土庫曼,0,TKM
2015,不丹,29,BTN
2015,中國,3403920,CHN
2015,丹麥,0,DNK
2015,厄瓜多,0,ECU
2015,巴布亞紐幾內亞,4,PNG
2015,巴西,14,BRA
2015,巴貝多,4,BRB
2015,巴拉圭,0,PRY
2015,巴林,0,BHR
2015,巴哈馬,3,BHS
2015,巴拿馬,0,PAN
2015,巴基斯坦,0,PAK
2015,日本,3797879,JPN
2015,比利時,1,BEL
2015,牙買加,0,JAM
2015,以色列,178,ISR
2015,加拿大,71079,CAN
2015,加彭,0,GAB
2015,北韓,0,PRK
2015,卡達,32,QAT
2015,古巴,0,CUB
2015,史瓦濟蘭,0,SWZ
2015,尼日,0,NER
2015,尼加拉瓜,0,NIC
2015,尼泊爾,0,NPL
2015,布吉納法索,0,BFA
2015,瓜地馬拉,0,GTM
2015,甘比亞,0,GMB
2015,白俄羅斯,0,BLR
2015,立陶宛,0,LTU
2015,伊拉克,0,IRQ
2015,伊朗,0,IRN
2015,冰島,0,ISL
2015,列支敦斯登,0,LIE
2015,匈牙利,0,HUN
2015,印尼,176478,IDN
2015,印度,20066,IND
2015,吉布地,0,DJI
2015,吉里巴斯,4,KIR
2015,吉爾吉斯,0,KGZ
2015,吐瓦魯,0,TUV
2015,多明尼加,0,DOM
2015,多哥,0,TGO
2015,安哥拉,0,AGO
2015,安道爾,0,AND
2015,百慕達,0,BMU
2015,衣索比亞,0,ETH
2015,西班牙,6,ESP
2015,薩摩亞,9,WSM
2015,克羅埃西亞,0,HRV
2015,利比亞,0,LBY
2015,宏都拉斯,0,HND
2015,希臘,0,GRC
2015,沙烏地阿拉伯,10,SAU
2015,汶萊,285,BRN
2015,貝里斯,0,BLZ
2015,貝南,0,BEN
2015,赤道幾內亞,0,GNQ
2015,辛巴威,0,ZWE
2015,亞美尼亞,0,ARM
2015,亞塞拜然,0,AZE
2015,坦尚尼亞,5,TZA
2015,奈及利亞,0,NGA
2015,委內瑞拉,0,VEN
2015,尚比亞,0,ZMB
2015,帛琉,14421,PLW
2015,拉脫維亞,0,LVA
2015,東加,0,TON
2015,波札那,0,BWA
2015,波多黎各,0,PRI
2015,波蘭,0,POL
2015,法國,41185,FRA
2015,肯亞,0,KEN
2015,芬蘭,15,FIN
2015,阿聯,76360,ARE
2015,阿根廷,0,ARG
2015,阿曼,0,OMN
2015,阿爾及利亞,2,DZA
2015,阿爾巴尼亞,0,ALB
2015,保加利亞,0,BGR
2015,俄羅斯,3522,RUS
2015,南非,16,ZAF
2015,哈薩克,2,KAZ
2015,東帝汶,0,TLS
2015,柬埔寨,66593,KHM
2015,查德,0,TCD
2015,玻利維亞,0,BOL
2015,科威特,1,KWT
2015,突尼西亞,0,TUN
2015,約旦,0,JOR
2015,美國,477156,USA
2015,茅利塔尼亞,0,MRT
2015,英國,0,GBR
2015,香港,2008153,HKG
2015,剛果共和國,0,COG
2015,哥倫比亞,0,COL
2015,埃及,0,EGY
2015,挪威,0,NOR
2015,格瑞那達,0,GRD
2015,泰國,599523,THA
2015,海地,0,HTI
2015,烏干達,0,UGA
2015,烏克蘭,0,UKR
2015,烏拉圭,4,URY
2015,烏茲別克,0,UZB
2015,留尼旺,0,REU
2015,秘魯,0,PER
2015,索馬利亞,0,SOM
2015,索羅門群島,0,SLB
2015,紐西蘭,3,NZL
2015,馬利,0,MLI
2015,馬來西亞,201631,MYS
2015,馬其頓,0,MKD
2015,馬拉威,0,MWI
2015,馬紹爾群島,17,MHL
2015,馬爾他,0,MLT
2015,馬爾地夫,8,MDV
2015,捷克,0,CZE
2015,敘利亞,0,SYR
2015,荷蘭,30906,NLD
2015,喀麥隆,0,CMR
2015,喬治亞,0,GEO
2015,幾內亞,0,GIN
2015,幾內亞比索,0,GNB
2015,斯里蘭卡,17,LKA
2015,斯洛伐克,0,SVK
2015,智利,0,CHL
2015,菲律賓,180091,PHL
2015,象牙海岸,0,CIV
2015,越南,409013,VNM
2015,塞內加爾,0,SEN
2015,塞席爾,29,SYC
2015,塔吉克,0,TJK
2015,奧地利,32835,AUT
2015,愛沙尼亞,0,EST
2015,愛爾蘭,0,IRL
2015,新加坡,318516,SGP
2015,獅子山,0,SLE
2015,瑞士,0,CHE
2015,瑞典,0,SWE
2015,萬那杜,93,VUT
2015,義大利,14,ITA
2015,聖馬利諾,0,SMR
2015,聖露西亞,0,LCA
2015,葉門,0,YEM
2015,葛摩,0,COM
2015,葡萄牙,0,PRT
2015,蒙古,0,MNG
2015,蒲隆地,0,BDI
2015,斐濟,37,FJI
2015,寮國,146,LAO
2015,德國,53043,DEU
2015,摩洛哥,0,MAR
2015,摩納哥,0,MCO
2015,摩爾多瓦,0,MDA
2015,模里西斯,7,MUS
2015,緬甸,19999,MMR
2015,黎巴嫩,0,LBN
2015,墨西哥,7,MEX
2015,澳門,527144,MAC
2015,澳大利亞,103806,AUS
2015,盧安達,0,RWA
2015,盧森堡,0,LUX
2015,諾魯,0,NRU
2015,賴比瑞亞,0,LBR
2015,賴索托,0,LSO
2015,賽普勒斯,0,CYP
2015,韓國,500100,KOR
2015,薩爾瓦多,0,SLV
2015,羅馬尼亞,0,ROU
2015,蘇丹,0,SDN
2015,蘇利南,0,SUR
